Date,Datetime,Hour,Baseline_Temp,Baseline_AC,Optimized_Temp,Optimized_AC
2026-06-24,2026-06-24 08:05:00,8,30.340649478435516,1,30.340649478435516,1
2026-06-24,2026-06-24 08:10:00,8,29.419303529262542,1,29.419303529262542,1
2026-06-24,2026-06-24 08:15:00,8,28.450755648612976,1,28.450755648612976,1
2026-06-24,2026-06-24 08:20:00,8,27.67366009235382,1,27.67366009235382,1
2026-06-24,2026-06-24 08:25:00,8,27.098202340602874,1,27.098202340602874,1
2026-06-24,2026-06-24 08:30:00,8,26.61294009566307,1,26.61294009566307,1
2026-06-24,2026-06-24 08:35:00,8,26.24648352742195,1,26.24648352742195,1
2026-06-24,2026-06-24 08:40:00,8,26.003811531066894,1,26.003811531066894,1
2026-06-24,2026-06-24 08:45:00,8,25.838181592822075,1,25.838181592822075,1
2026-06-24,2026-06-24 08:50:00,8,25.66193210363388,1,25.66193210363388,1
2026-06-24,2026-06-24 08:55:00,8,25.487276770472526,1,25.487276770472526,1
2026-06-24,2026-06-24 09:00:00,9,25.332103438973427,1,25.332103438973427,1
2026-06-24,2026-06-24 09:05:00,9,25.162884868979454,1,25.162884868979454,1
2026-06-24,2026-06-24 09:10:00,9,24.958930500149727,1,24.958930500149727,1
2026-06-24,2026-06-24 09:15:00,9,24.717442669272423,1,24.717442669272423,1
2026-06-24,2026-06-24 09:20:00,9,24.49846271455288,1,24.49846271455288,1
2026-06-24,2026-06-24 09:25:00,9,24.277184047102928,1,24.277184047102928,1
2026-06-24,2026-06-24 09:30:00,9,24.051250987052917,1,24.051250987052917,1
2026-06-24,2026-06-24 09:35:00,9,23.783219389915466,1,23.783219389915466,1
2026-06-24,2026-06-24 09:40:00,9,23.394193671941757,1,23.394193671941757,1
2026-06-24,2026-06-24 09:45:00,9,23.13593786239624,1,23.13593786239624,1
2026-06-24,2026-06-24 09:50:00,9,22.911509625911712,1,22.911509625911712,1
2026-06-24,2026-06-24 09:55:00,9,22.669470228552818,1,22.669470228552818,1
2026-06-24,2026-06-24 10:00:00,10,22.51717142045498,1,22.51717142045498,1
2026-06-24,2026-06-24 10:05:00,10,22.348996572494507,1,22.348996572494507,1
2026-06-24,2026-06-24 10:10:00,10,22.185817607045173,1,22.185817607045173,1
2026-06-24,2026-06-24 10:15:00,10,22.021881319880485,1,22.021881319880485,1
2026-06-24,2026-06-24 10:20:00,10,21.84857774555683,1,21.84857774555683,1
2026-06-24,2026-06-24 10:25:00,10,21.688366271853447,1,21.688366271853447,1
2026-06-24,2026-06-24 10:30:00,10,21.533092417120933,1,21.533092417120933,1
2026-06-24,2026-06-24 10:35:00,10,21.39532839536667,1,21.39532839536667,1
2026-06-24,2026-06-24 10:40:00,10,21.248622037768364,1,21.248622037768364,1
2026-06-24,2026-06-24 10:45:00,10,21.115041055083275,1,21.115041055083275,1
2026-06-24,2026-06-24 10:50:00,10,20.97953782260418,1,20.97953782260418,1
2026-06-24,2026-06-24 10:55:00,10,20.837247573137283,1,20.940953694581985,0
2026-06-24,2026-06-24 11:00:00,11,20.693727739453315,1,21.05012179940939,0
2026-06-24,2026-06-24 11:05:00,11,20.55621009349823,1,21.130234964489937,0
2026-06-24,2026-06-24 11:10:00,11,20.424405448436737,1,21.22213234037161,0
2026-06-24,2026-06-24 11:15:00,11,20.275723435282707,1,21.29428627371788,0
2026-06-24,2026-06-24 11:20:00,11,20.126180447936058,1,21.364630952775478,0
2026-06-24,2026-06-24 11:25:00,11,19.98973333120346,1,21.4503704982996,0
2026-06-24,2026-06-24 11:30:00,11,19.85752432823181,1,21.535421356856823,0
2026-06-24,2026-06-24 11:35:00,11,19.722312070727348,1,21.624046556949615,0
2026-06-24,2026-06-24 11:40:00,11,19.580915682315826,1,21.7027552652359,0
2026-06-24,2026-06-24 11:45:00,11,19.444474913477897,1,21.78978313535452,0
2026-06-24,2026-06-24 11:50:00,11,19.30604394555092,1,21.87814272969961,0
2026-06-24,2026-06-24 11:55:00,11,19.15224661707878,1,21.94645765453577,0
2026-06-24,2026-06-24 12:00:00,12,19.0764311927557,1,22.059470214247703,0
2026-06-24,2026-06-24 12:05:00,12,19.142039694190025,1,22.164633155167103,0
2026-06-24,2026-06-24 12:10:00,12,19.20169155329466,1,22.26642567694187,0
2026-06-24,2026-06-24 12:15:00,12,19.222327662929892,1,22.36457955121994,0
2026-06-24,2026-06-24 12:20:00,12,19.262795025780797,1,22.475275017619133,0
2026-06-24,2026-06-24 12:25:00,12,19.292853756174445,1,22.58006408840418,0
2026-06-24,2026-06-24 12:30:00,12,19.332336252853274,1,22.684665605723858,0
2026-06-24,2026-06-24 12:35:00,12,19.37147133640945,1,22.788919709920883,0
2026-06-24,2026-06-24 12:40:00,12,19.40693674825132,1,22.891653426289558,0
2026-06-24,2026-06-24 12:45:00,12,19.447691327258944,1,23.00130579650402,0
2026-06-24,2026-06-24 12:50:00,12,19.47178036004305,1,23.100268535614013,0
2026-06-24,2026-06-24 12:55:00,12,19.496739168018102,1,23.19714690774679,0
2026-06-24,2026-06-24 13:00:00,13,19.489642772655934,1,23.32785873144865,0
2026-06-24,2026-06-24 13:05:00,13,19.500042442996055,1,23.477352023422718,0
2026-06-24,2026-06-24 13:10:00,13,19.539112225938588,1,23.65715375572443,0
2026-06-24,2026-06-24 13:15:00,13,19.563529833052307,1,23.826228097379207,0
2026-06-24,2026-06-24 13:20:00,13,19.606592411939054,1,24.010355651676655,0
2026-06-24,2026-06-24 13:25:00,13,19.630659102294594,1,24.21201464563608,0
2026-06-24,2026-06-24 13:30:00,13,19.674687198195606,1,24.453635037243366,0
2026-06-24,2026-06-24 13:35:00,13,19.772484703753143,1,24.770909875929355,0
2026-06-24,2026-06-24 13:40:00,13,19.845232977364212,1,24.999675855338573,1
2026-06-24,2026-06-24 13:45:00,13,19.921779311094433,1,25.108328216075897,1
2026-06-24,2026-06-24 13:50:00,13,19.981102040801197,1,25.139911290556192,1
2026-06-24,2026-06-24 13:55:00,13,20.0275729287602,1,25.19861062273383,1
2026-06-24,2026-06-24 14:00:00,14,20.05805655831471,1,25.229189491197467,1
2026-06-24,2026-06-24 14:05:00,14,20.10055999720469,1,25.27299566037953,1
2026-06-24,2026-06-24 14:10:00,14,20.13799325266853,1,25.312417103275656,1
2026-06-24,2026-06-24 14:15:00,14,20.180527495983988,1,25.34575783677399,1
2026-06-24,2026-06-24 14:20:00,14,20.22111514473334,1,25.37672841206193,1
2026-06-24,2026-06-24 14:25:00,14,20.259742195550352,1,25.412552912086248,1
2026-06-24,2026-06-24 14:30:00,14,20.296145788226276,1,25.445061106532812,1
2026-06-24,2026-06-24 14:35:00,14,20.32773770654574,1,25.47677054658532,1
2026-06-24,2026-06-24 14:40:00,14,20.354220899585634,1,25.50153568416834,1
2026-06-24,2026-06-24 14:45:00,14,20.379526047799736,1,25.498058774573728,1
2026-06-24,2026-06-24 14:50:00,14,20.381449951855465,1,25.510716736381873,1
2026-06-24,2026-06-24 14:55:00,14,20.388347207633778,1,25.4692950323876,1
2026-06-24,2026-06-24 15:00:00,15,20.373510967073962,1,25.454276106385514,1
2026-06-24,2026-06-24 15:05:00,15,20.378674795450642,1,25.446535759205,1
2026-06-24,2026-06-24 15:10:00,15,20.384136497108265,1,25.440258122580126,1
2026-06-24,2026-06-24 15:15:00,15,20.38829494833015,1,25.443011414557695,1
2026-06-24,2026-06-24 15:20:00,15,20.39159072383307,1,25.442485957704484,1
2026-06-24,2026-06-24 15:25:00,15,20.39602542954497,1,25.445906335553154,1
2026-06-24,2026-06-24 15:30:00,15,20.40046013525687,1,25.44485385117121,1
2026-06-24,2026-06-24 15:35:00,15,20.411566117843613,1,25.44931444951333,1
2026-06-24,2026-06-24 15:40:00,15,20.427175777098164,1,25.45536477544345,1
2026-06-24,2026-06-24 15:45:00,15,20.432996250754222,1,25.450477812038734,1
2026-06-24,2026-06-24 15:50:00,15,20.447737596994266,1,25.460014095129445,1
2026-06-24,2026-06-24 15:55:00,15,20.465535618430003,1,25.475597046846524,1
2026-06-24,2026-06-24 16:00:00,16,20.47400650388561,1,25.488279120596125,1
2026-06-24,2026-06-24 16:05:00,16,20.48613857670687,1,25.507325982274487,1
2026-06-24,2026-06-24 16:10:00,16,20.500011799922213,1,25.490076046036556,1
2026-06-24,2026-06-24 16:15:00,16,20.50636194373481,1,25.495583222778514,1
2026-06-24,2026-06-24 16:20:00,16,20.511583376275375,1,25.479271785886958,1
2026-06-24,2026-06-24 16:25:00,16,20.51821398508735,1,25.46437628992833,1
2026-06-24,2026-06-24 16:30:00,16,20.516830343934707,1,25.449480793969705,1
2026-06-24,2026-06-24 16:35:00,16,20.51792681968771,1,25.43290398974903,1
2026-06-24,2026-06-24 16:40:00,16,20.527733941627666,1,25.423023103335872,1
2026-06-24,2026-06-24 16:45:00,16,20.53755345481448,1,25.413154610963538,1
2026-06-24,2026-06-24 16:50:00,16,20.543114965846762,1,25.398701785663143,1
2026-06-24,2026-06-24 16:55:00,16,20.54638423311524,1,25.379990721652284,1
2026-06-24,2026-06-24 17:00:00,17,20.483390043554827,1,25.28357108921744,1
2026-06-24,2026-06-24 17:05:00,17,20.420668500540778,1,25.198730933079496,1
2026-06-24,2026-06-24 17:10:00,17,20.359044942138716,1,25.117179940054193,1
2026-06-24,2026-06-24 17:15:00,17,20.293024490652606,1,25.032699177572503,1
2026-06-24,2026-06-24 17:20:00,17,20.22722815263085,1,24.944778146753087,1
2026-06-24,2026-06-24 17:25:00,17,20.16171556997113,1,24.858015234181657,1
2026-06-24,2026-06-24 17:30:00,17,20.09384247201495,1,24.764526719758287,1
2026-06-24,2026-06-24 17:35:00,17,20.026631618915125,1,24.670527445683256,1
2026-06-24,2026-06-24 17:40:00,17,19.961076627550646,1,24.58045184106566,1
2026-06-24,2026-06-24 17:45:00,17,19.89421047556214,1,24.486549774715677,1
2026-06-24,2026-06-24 17:50:00,17,19.81716399180703,1,24.379316324898973,1
2026-06-24,2026-06-24 17:55:00,17,19.737878303108737,1,24.127855385253206,1
2026-06-24,2026-06-24 18:00:00,18,19.661208744226023,1,23.883609900781885,1
2026-06-24,2026-06-24 18:05:00,18,19.585530038056895,1,23.632998565742746,1
2026-06-24,2026-06-24 18:10:00,18,19.512292224047705,1,23.37523091823794,1
2026-06-24,2026-06-24 18:15:00,18,19.439147654054686,1,23.11761886865832,1
2026-06-24,2026-06-24 18:20:00,18,19.376702970890328,1,22.863322625467553,1
2026-06-24,2026-06-24 18:25:00,18,19.313472046582028,1,22.610011170217767,1
2026-06-24,2026-06-24 18:30:00,18,19.25311516511254,1,22.360860178777948,1
2026-06-24,2026-06-24 18:35:00,18,19.197023066757247,1,22.114816541383043,1
2026-06-24,2026-06-24 18:40:00,18,19.147095131753012,1,21.867372060725465,1
2026-06-24,2026-06-24 18:45:00,18,19.096698752669617,1,21.635698581645265,1
2026-06-24,2026-06-24 18:50:00,18,19.04338401096873,1,21.394164020726457,1
2026-06-24,2026-06-24 18:55:00,18,19.000329948095604,1,21.17014145345427,1
2026-06-24,2026-06-24 19:00:00,19,18.955872993050143,1,20.932600910374894,1
2026-06-24,2026-06-24 19:05:00,19,18.91659803229384,1,20.790246213385835,0
2026-06-24,2026-06-24 19:10:00,19,18.88025739702396,1,20.583309213230386,0
2026-06-24,2026-06-24 19:15:00,19,18.852284220112487,1,20.512973839947954,0
2026-06-24,2026-06-24 19:20:00,19,18.818518520398065,1,20.476112479874864,0
2026-06-24,2026-06-24 19:25:00,19,18.786637802673503,1,20.44550022349693,0
2026-06-24,2026-06-24 19:30:00,19,18.753262342019006,1,20.413192710438743,0
2026-06-24,2026-06-24 19:35:00,19,18.71707113931887,1,20.387035636762157,0
2026-06-24,2026-06-24 19:40:00,19,18.679909938080236,1,20.35907853075303,0
2026-06-24,2026-06-24 19:45:00,19,18.73920932511799,1,20.352115752240643,0
2026-06-24,2026-06-24 19:50:00,19,18.780900181336328,1,20.339126685699448,0
2026-06-24,2026-06-24 19:55:00,19,18.861894787354395,1,20.326949043264612,0
2026-06-24,2026-06-24 20:00:00,20,18.97066973994486,1,20.320023519517854,0
2026-06-26,2026-06-26 08:05:00,8,22.897731400728226,1,23.1553191614151,0
2026-06-26,2026-06-26 08:10:00,8,22.950740012973547,1,23.48346448659897,0
2026-06-26,2026-06-26 08:15:00,8,22.97562636964023,1,23.76501516222954,0
2026-06-26,2026-06-26 08:20:00,8,23.006421429738403,1,24.023376024961472,0
2026-06-26,2026-06-26 08:25:00,8,23.0297144741565,1,24.194471992254257,0
2026-06-26,2026-06-26 08:30:00,8,23.04783018089831,1,24.321740723848343,0
2026-06-26,2026-06-26 08:35:00,8,23.058272652961314,1,24.44854640185833,0
2026-06-26,2026-06-26 08:40:00,8,23.0698784288764,1,24.57687836110592,0
2026-06-26,2026-06-26 08:45:00,8,23.077800887338817,1,24.655823237895966,1
2026-06-26,2026-06-26 08:50:00,8,23.08606454141438,1,24.699335526376963,1
2026-06-26,2026-06-26 08:55:00,8,23.09447662036866,1,24.71481889642775,1
2026-06-26,2026-06-26 09:00:00,9,23.108880272768438,1,24.732043526768685,1
2026-06-26,2026-06-26 09:05:00,9,23.125886135436595,1,24.748985498845578,1
2026-06-26,2026-06-26 09:10:00,9,23.144855017475784,1,24.769661158025265,1
2026-06-26,2026-06-26 09:15:00,9,23.164371545128525,1,24.798855643421412,1
2026-06-26,2026-06-26 09:20:00,9,23.182325296737254,1,24.82508967973292,1
2026-06-26,2026-06-26 09:25:00,9,23.19513090763241,1,24.8461755771935,1
2026-06-26,2026-06-26 09:30:00,9,23.209883267693222,1,24.875847803130746,1
2026-06-26,2026-06-26 09:35:00,9,23.223204820118845,1,24.904696777164936,1
2026-06-26,2026-06-26 09:40:00,9,23.23618294734508,1,24.93086750589311,1
2026-06-26,2026-06-26 09:45:00,9,23.248959883749485,1,24.956837042868138,1
2026-06-26,2026-06-26 09:50:00,9,23.261920885816217,1,24.983721065968275,1
2026-06-26,2026-06-26 09:55:00,9,23.274881887882948,1,25.010605089068413,1
2026-06-26,2026-06-26 10:00:00,10,23.29323875874281,1,25.04217869013548,1
2026-06-26,2026-06-26 10:05:00,10,23.312592219263315,1,25.075917735397816,1
2026-06-26,2026-06-26 10:10:00,10,23.3316462148726,1,25.10935731947422,1
2026-06-26,2026-06-26 10:15:00,10,23.350623538419605,1,25.142720237076283,1
2026-06-26,2026-06-26 10:20:00,10,23.364093425385654,1,25.169155947566033,1
2026-06-26,2026-06-26 10:25:00,10,23.375343121290207,1,25.19198887206614,1
2026-06-26,2026-06-26 10:30:00,10,23.383666630536318,1,25.21827654324472,1
2026-06-26,2026-06-26 10:35:00,10,23.39199013978243,1,25.2445642144233,1
2026-06-26,2026-06-26 10:40:00,10,23.398837661538273,1,25.267690492495895,1
2026-06-26,2026-06-26 10:45:00,10,23.404749033674598,1,25.291175506711006,1
2026-06-26,2026-06-26 10:50:00,10,23.408930857833475,1,25.30813791386783,1
2026-06-26,2026-06-26 10:55:00,10,23.413201462645084,1,25.318260051943362,1
2026-06-26,2026-06-26 11:00:00,11,23.42479383962229,1,25.34051153499633,1
2026-06-26,2026-06-26 11:05:00,11,23.43558304494247,1,25.36795718472451,1
2026-06-26,2026-06-26 11:10:00,11,23.444846837017685,1,25.39540283445269,1
2026-06-26,2026-06-26 11:15:00,11,23.453389708120376,1,25.422127564139664,1
2026-06-26,2026-06-26 11:20:00,11,23.462184482421726,1,25.445218666158617,1
2026-06-26,2026-06-26 11:25:00,11,23.471681322138757,1,25.46328958373517,1
2026-06-26,2026-06-26 11:30:00,11,23.479583650995046,1,25.461186559805647,1
2026-06-26,2026-06-26 11:35:00,11,23.49947635287419,1,25.45410291285254,1
2026-06-26,2026-06-26 11:40:00,11,23.530417228285224,1,25.470806155288592,1
2026-06-26,2026-06-26 11:45:00,11,23.54568108746782,1,25.483138300413266,1
2026-06-26,2026-06-26 11:50:00,11,23.555316563863308,1,25.492577150398866,1
2026-06-26,2026-06-26 11:55:00,11,23.56417464947328,1,25.507254335032776,1
2026-06-26,2026-06-26 12:00:00,12,23.590437769126147,1,25.533174651609734,1
2026-06-26,2026-06-26 12:05:00,12,23.60068560594693,1,25.543079705843702,1
2026-06-26,2026-06-26 12:10:00,12,23.626359643582255,1,25.565419785613194,1
2026-06-26,2026-06-26 12:15:00,12,23.640448784623295,1,25.57142856524326,1
2026-06-26,2026-06-26 12:20:00,12,23.67258978093043,1,25.595489179650322,1
2026-06-26,2026-06-26 12:25:00,12,23.688038328830153,1,25.570916984165088,1
2026-06-26,2026-06-26 12:30:00,12,23.723449742589146,1,25.561241662064567,1
2026-06-26,2026-06-26 12:35:00,12,23.731135634873063,1,25.535062450850383,1
2026-06-26,2026-06-26 12:40:00,12,23.758537663314492,1,25.5131076629553,1
2026-06-26,2026-06-26 12:45:00,12,23.7727755076997,1,25.493801159719006,1
2026-06-26,2026-06-26 12:50:00,12,23.805115956049413,1,25.485360329905525,1
2026-06-26,2026-06-26 12:55:00,12,23.83001222198829,1,25.484056139066816,1
2026-06-26,2026-06-26 13:00:00,13,23.85712307056412,1,25.462083153128624,1
2026-06-26,2026-06-26 13:05:00,13,23.885039770212025,1,25.44275566160679,1
2026-06-26,2026-06-26 13:10:00,13,23.91795162221417,1,25.42977595858276,1
2026-06-26,2026-06-26 13:15:00,13,23.950819597747177,1,25.416752375364304,1
2026-06-26,2026-06-26 13:20:00,13,23.98779020940885,1,25.410045973658562,1
2026-06-26,2026-06-26 13:25:00,13,24.020718568172306,1,25.391988806128502,1
2026-06-26,2026-06-26 13:30:00,13,24.04179291350767,1,25.35464664146304,1
2026-06-26,2026-06-26 13:35:00,13,24.053142328914255,1,25.303001735061407,1
2026-06-26,2026-06-26 13:40:00,13,24.07912103941664,1,25.29991574020125,1
2026-06-26,2026-06-26 13:45:00,13,24.109180367719382,1,25.267998060146347,1
2026-06-26,2026-06-26 13:50:00,13,24.142902272921056,1,25.23617283807136,1
2026-06-26,2026-06-26 13:55:00,13,24.17994355333969,1,25.2091555799637,1
2026-06-26,2026-06-26 14:00:00,14,24.233107748609036,1,25.182964280182496,1
2026-06-26,2026-06-26 14:05:00,14,24.278702332805842,1,25.154563916781917,1
2026-06-26,2026-06-26 14:10:00,14,24.321706923823804,1,25.123573560202495,1
2026-06-26,2026-06-26 14:15:00,14,24.355442515742034,1,25.094405429372564,1
2026-06-26,2026-06-26 14:20:00,14,24.409101142715663,1,25.08303893723525,1
2026-06-26,2026-06-26 14:25:00,14,24.43903441650793,1,25.07410924316384,1
2026-06-26,2026-06-26 14:30:00,14,24.465031816791743,1,25.05395614908077,1
2026-06-26,2026-06-26 14:35:00,14,24.47771050332114,1,25.033338202098385,1
2026-06-26,2026-06-26 14:40:00,14,24.48769436886534,1,25.006152324313298,1
2026-06-26,2026-06-26 14:45:00,14,24.492769530210644,1,24.9741493202094,1
2026-06-26,2026-06-26 14:50:00,14,24.497844691555947,1,24.9421463161055,1
2026-06-26,2026-06-26 14:55:00,14,24.497885290089762,1,24.9114908091072,1
2026-06-26,2026-06-26 15:00:00,15,24.489940222840524,1,24.8757771215681,1
2026-06-26,2026-06-26 15:05:00,15,24.472684735920048,1,24.83462572836317,1
2026-06-26,2026-06-26 15:10:00,15,24.451715665425873,1,24.819848435865715,1
2026-06-26,2026-06-26 15:15:00,15,24.429454502206063,1,24.78791089628823,1
2026-06-26,2026-06-26 15:20:00,15,24.3993439008703,1,24.743630233155564,1
2026-06-26,2026-06-26 15:25:00,15,24.36278796617291,1,24.72403168206103,1
2026-06-26,2026-06-26 15:30:00,15,24.324174125235295,1,24.67657500033267,1
2026-06-26,2026-06-26 15:35:00,15,24.285956718515372,1,24.654042842732743,1
2026-06-26,2026-06-26 15:40:00,15,24.25448177431128,1,24.6084559140075,1
2026-06-26,2026-06-26 15:45:00,15,24.22038881902001,1,24.586818206058815,1
2026-06-26,2026-06-26 15:50:00,15,24.18623034332297,1,24.538547757016495,1
2026-06-26,2026-06-26 15:55:00,15,24.149301421385026,1,24.516631021099165,1
2026-06-26,2026-06-26 16:00:00,16,24.111883763711667,1,24.472594178216532,1
2026-06-26,2026-06-26 16:05:00,16,24.063885529082036,1,24.458101272517816,1
2026-06-26,2026-06-26 16:10:00,16,24.035621425624704,1,24.4205610676948,1
2026-06-26,2026-06-26 16:15:00,16,23.9895012737473,1,24.389956042105332,1
2026-06-26,2026-06-26 16:20:00,16,23.960452305640793,1,24.359506763452664,1
2026-06-26,2026-06-26 16:25:00,16,23.915404299761867,1,24.329973887586966,1
2026-06-26,2026-06-26 16:30:00,16,23.879592361416435,1,24.299264706606046,1
2026-06-26,2026-06-26 16:35:00,16,23.831660068150377,1,24.26808048591949,1
2026-06-26,2026-06-26 16:40:00,16,23.797029646601295,1,24.23658544749953,1
2026-06-26,2026-06-26 16:45:00,16,23.747355780120706,1,24.20365966663696,1
2026-06-26,2026-06-26 16:50:00,16,23.706271214898443,1,24.16715602383949,1
2026-06-26,2026-06-26 16:55:00,16,23.66906396534643,1,24.134735045889393,1
2026-06-26,2026-06-26 17:00:00,17,23.62243644010625,1,24.091114943781868,1
2026-06-26,2026-06-26 17:05:00,17,23.593165981139755,1,24.056475119600073,1
2026-06-26,2026-06-26 17:10:00,17,23.565757951255655,1,24.010686309942976,1
2026-06-26,2026-06-26 17:15:00,17,23.547063407044625,1,23.975636253068224,1
2026-06-26,2026-06-26 17:20:00,17,23.55427912578336,1,23.96746499271132,1
2026-06-26,2026-06-26 17:25:00,17,23.557242140661693,1,23.9641012902651,1
2026-06-26,2026-06-26 17:30:00,17,23.551055648386246,1,23.956315698502586,1
2026-06-26,2026-06-26 17:35:00,17,23.542458105854458,1,23.94700750841759,1
2026-06-26,2026-06-26 17:40:00,17,23.532204975396162,1,23.936712665883825,1
2026-06-26,2026-06-26 17:45:00,17,23.519910135328537,1,23.925725993169472,1
2026-06-26,2026-06-26 17:50:00,17,23.509183681592113,1,23.91630770678632,1
2026-06-26,2026-06-26 17:55:00,17,23.49701312652207,1,23.904776386385784,1
2026-06-26,2026-06-26 18:00:00,18,23.483147737592226,1,23.89155022933148,1
2026-06-26,2026-06-26 18:05:00,18,23.47308314500726,1,23.882124870484695,1
2026-06-26,2026-06-26 18:10:00,18,23.46034130363143,1,23.868166941618547,1
2026-06-26,2026-06-26 18:15:00,18,23.44857132902718,1,23.85674242994748,1
2026-06-26,2026-06-26 18:20:00,18,23.438915714643663,1,23.847432277565822,1
2026-06-26,2026-06-26 18:25:00,18,23.43023680618382,1,23.839098828313873,1
2026-06-26,2026-06-26 18:30:00,18,23.420770349934465,1,23.8299778349977,1
2026-06-26,2026-06-26 18:35:00,18,23.410580304473406,1,23.81978778953664,1
2026-06-26,2026-06-26 18:40:00,18,23.399563298582798,1,23.808770783646032,1
2026-06-26,2026-06-26 18:45:00,18,23.387461269296473,1,23.79974616358988,1
2026-06-26,2026-06-26 18:50:00,18,23.375605681001907,1,23.79046459163539,1
2026-06-26,2026-06-26 18:55:00,18,23.361388713143533,1,23.77459741051309,1
2026-06-26,2026-06-26 19:00:00,19,23.350452613107628,1,23.759905180362985,1
2026-06-26,2026-06-26 19:05:00,19,23.339630210794276,1,23.745996964564547,1
2026-06-26,2026-06-26 19:10:00,19,23.331202867463,1,23.73448380961083,1
2026-06-26,2026-06-26 19:15:00,19,23.324751918226248,1,23.707279169401154,1
2026-06-26,2026-06-26 19:20:00,19,23.314878637924558,1,23.678744010096416,1
2026-06-26,2026-06-26 19:25:00,19,23.303911864779657,1,23.64980155549012,1
2026-06-26,2026-06-26 19:30:00,19,23.293945791221923,1,23.623711645072326,1
2026-06-26,2026-06-26 19:35:00,19,23.286315904486692,1,23.60982051066123,1
2026-06-26,2026-06-26 19:40:00,19,23.287135383485584,1,23.60873162972741,1
2026-06-26,2026-06-26 19:45:00,19,23.26027572750929,1,23.58118714432232,1
2026-06-26,2026-06-26 19:50:00,19,23.20438953339937,1,23.525556687666104,1
2026-06-26,2026-06-26 19:55:00,19,23.157516299186973,1,23.47927388588898,1
2026-06-26,2026-06-26 20:00:00,20,23.116633145509986,1,23.438981164647267,1
2026-06-27,2026-06-27 08:05:00,8,29.705291833579544,1,29.705291833579544,1
2026-06-27,2026-06-27 08:10:00,8,29.651269387304787,1,29.651269387304787,1
2026-06-27,2026-06-27 08:15:00,8,29.584944870173935,1,29.584944870173935,1
2026-06-27,2026-06-27 08:20:00,8,29.477785382270817,1,29.477785382270817,1
2026-06-27,2026-06-27 08:25:00,8,29.14244580626488,1,29.14244580626488,1
2026-06-27,2026-06-27 08:30:00,8,28.65927651882172,1,28.65927651882172,1
2026-06-27,2026-06-27 08:35:00,8,28.131120059490208,1,28.131120059490208,1
2026-06-27,2026-06-27 08:40:00,8,27.63851046919823,1,27.63851046919823,1
2026-06-27,2026-06-27 08:45:00,8,27.21782333016396,1,27.21782333016396,1
2026-06-27,2026-06-27 08:50:00,8,26.87172493696213,1,26.87172493696213,1
2026-06-27,2026-06-27 08:55:00,8,26.583779487609867,1,26.583779487609867,1
2026-06-27,2026-06-27 09:00:00,9,26.382325339913372,1,26.382325339913372,1
2026-06-27,2026-06-27 09:05:00,9,26.161313835382465,1,26.161313835382465,1
2026-06-27,2026-06-27 09:10:00,9,25.95114502668381,1,25.95114502668381,1
2026-06-27,2026-06-27 09:15:00,9,25.743302035927776,1,25.743302035927776,1
2026-06-27,2026-06-27 09:20:00,9,25.542703036069874,1,25.542703036069874,1
2026-06-27,2026-06-27 09:25:00,9,25.35882430136204,1,25.35882430136204,1
2026-06-27,2026-06-27 09:30:00,9,25.15670341610909,1,25.15670341610909,1
2026-06-27,2026-06-27 09:35:00,9,24.934626865983013,1,24.934626865983013,1
2026-06-27,2026-06-27 09:40:00,9,24.711867291331295,1,24.711867291331295,1
2026-06-27,2026-06-27 09:45:00,9,24.502895120382313,1,24.502895120382313,1
2026-06-27,2026-06-27 09:50:00,9,24.295754704475407,1,24.295754704475407,1
2026-06-27,2026-06-27 09:55:00,9,24.11525406301022,1,24.11525406301022,1
2026-06-27,2026-06-27 10:00:00,10,23.922994110584263,1,23.922994110584263,1
2026-06-27,2026-06-27 10:05:00,10,23.730433989167217,1,23.730433989167217,1
2026-06-27,2026-06-27 10:10:00,10,23.53005110085011,1,23.53005110085011,1
2026-06-27,2026-06-27 10:15:00,10,23.342802900671963,1,23.342802900671963,1
2026-06-27,2026-06-27 10:20:00,10,23.157043967247013,1,23.157043967247013,1
2026-06-27,2026-06-27 10:25:00,10,22.952809247970585,1,22.952809247970585,1
2026-06-27,2026-06-27 10:30:00,10,22.7588045334816,1,22.7588045334816,1
2026-06-27,2026-06-27 10:35:00,10,22.554180744886402,1,22.554180744886402,1
2026-06-27,2026-06-27 10:40:00,10,22.35655947387219,1,22.35655947387219,1
2026-06-27,2026-06-27 10:45:00,10,22.14324285447598,1,22.14324285447598,1
2026-06-27,2026-06-27 10:50:00,10,21.941699940562252,1,21.941699940562252,1
2026-06-27,2026-06-27 10:55:00,10,21.740793589353565,1,21.740793589353565,1
2026-06-27,2026-06-27 11:00:00,11,21.53700326740742,1,21.53700326740742,1
2026-06-27,2026-06-27 11:05:00,11,21.337926644682888,1,21.337926644682888,1
2026-06-27,2026-06-27 11:10:00,11,21.129614833593372,1,21.129614833593372,1
2026-06-27,2026-06-27 11:15:00,11,20.933839324712757,1,20.933839324712757,1
2026-06-27,2026-06-27 11:20:00,11,20.731578279137615,1,20.900299634635452,0
2026-06-27,2026-06-27 11:25:00,11,20.54308517634869,1,21.020193185508255,0
2026-06-27,2026-06-27 11:30:00,11,20.342445093989376,1,21.114658009111885,0
2026-06-27,2026-06-27 11:35:00,11,20.1512620484829,1,21.20991134256125,0
2026-06-27,2026-06-27 11:40:00,11,19.944977406263355,1,21.305674973726276,0
2026-06-27,2026-06-27 11:45:00,11,19.750708136558536,1,21.399020086824898,0
2026-06-27,2026-06-27 11:50:00,11,19.54294850289822,1,21.490428346991543,0
2026-06-27,2026-06-27 11:55:00,11,19.372111383676533,1,21.58891145497561,0
2026-06-27,2026-06-27 12:00:00,12,19.2304912096262,1,21.679089795649055,0
2026-06-27,2026-06-27 12:05:00,12,19.09225727975369,1,21.745368983447555,0
2026-06-27,2026-06-27 12:10:00,12,18.982092540562157,1,21.84631396442652,0
2026-06-27,2026-06-27 12:15:00,12,18.895357686877254,1,21.92938354223967,0
2026-06-27,2026-06-27 12:20:00,12,18.978323291838173,1,22.022819723784927,0
2026-06-27,2026-06-27 12:25:00,12,19.034139763414863,1,22.114123564064506,0
2026-06-27,2026-06-27 12:30:00,12,19.065797164887194,1,22.20566322267056,0
2026-06-27,2026-06-27 12:35:00,12,19.109062269181017,1,22.294882882237438,0
2026-06-27,2026-06-27 12:40:00,12,19.145567498952154,1,22.381060603857044,0
2026-06-27,2026-06-27 12:45:00,12,19.18869446948171,1,22.464912023246292,0
2026-06-27,2026-06-27 12:50:00,12,19.214970763623718,1,22.549495573937897,0
2026-06-27,2026-06-27 12:55:00,12,19.248069736957554,1,22.632531206905846,0
2026-06-27,2026-06-27 13:00:00,13,19.265050569400195,1,22.78241103500128,0
2026-06-27,2026-06-27 13:05:00,13,19.276454366594557,1,22.947822626531128,0
2026-06-27,2026-06-27 13:10:00,13,19.289924965091053,1,23.121805723607544,0
2026-06-27,2026-06-27 13:15:00,13,19.29598233321682,1,23.282537128627304,0
2026-06-27,2026-06-27 13:20:00,13,19.302440689262006,1,23.43544512599707,0
2026-06-27,2026-06-27 13:25:00,13,19.31226718736813,1,23.580194901525978,0
2026-06-27,2026-06-27 13:30:00,13,19.321686419975016,1,23.72501363962889,0
2026-06-27,2026-06-27 13:35:00,13,19.329997608754788,1,23.8698096087575,0
2026-06-27,2026-06-27 13:40:00,13,19.33833170248196,1,24.012523870766167,0
2026-06-27,2026-06-27 13:45:00,13,19.342013043435294,1,24.15371395260096,0
2026-06-27,2026-06-27 13:50:00,13,19.34395373085514,1,24.28728520482779,0
2026-06-27,2026-06-27 13:55:00,13,19.347919809017334,1,24.42377216726542,0
2026-06-27,2026-06-27 14:00:00,14,19.346097277095545,1,24.557305838763718,0
2026-06-27,2026-06-27 14:05:00,14,19.35070525397547,1,24.609329260736708,1
2026-06-27,2026-06-27 14:10:00,14,19.356615089895207,1,24.593706932701174,1
2026-06-27,2026-06-27 14:15:00,14,19.366268566893417,1,24.572305687554184,1
2026-06-27,2026-06-27 14:20:00,14,19.377369414167482,1,24.551189373098318,1
2026-06-27,2026-06-27 14:25:00,14,19.388032038779933,1,24.536993861049417,1
2026-06-27,2026-06-27 14:30:00,14,19.399331316435713,1,24.517640217989687,1
2026-06-27,2026-06-27 14:35:00,14,19.410630594091494,1,24.498286574929956,1
2026-06-27,2026-06-27 14:40:00,14,19.424150359900672,1,24.484323572218422,1
2026-06-27,2026-06-27 14:45:00,14,19.437044627116997,1,24.462710505202416,1
2026-06-27,2026-06-27 14:50:00,14,19.450468967752535,1,24.442311592251066,1
2026-06-27,2026-06-27 14:55:00,14,19.465476909736175,1,24.422405166402463,1
2026-06-27,2026-06-27 15:00:00,15,19.476244826884944,1,24.40979885388166,1
2026-06-27,2026-06-27 15:05:00,15,19.485577787356455,1,24.39625351954252,1
2026-06-27,2026-06-27 15:10:00,15,19.495923523874957,1,24.383720971494917,1
2026-06-27,2026-06-27 15:15:00,15,19.505357460202653,1,24.37027662418783,1
2026-06-27,2026-06-27 15:20:00,15,19.514315369622786,1,24.357674535214905,1
2026-06-27,2026-06-27 15:25:00,15,19.52122413608246,1,24.343023298159245,1
2026-06-27,2026-06-27 15:30:00,15,19.52744152544998,1,24.328324079364542,1
2026-06-27,2026-06-27 15:35:00,15,19.526966212342963,1,24.307307468578223,1
2026-06-27,2026-06-27 15:40:00,15,19.524765160891697,1,24.2880065253377,1
2026-06-27,2026-06-27 15:45:00,15,19.518647707093045,1,24.260822247564796,1
2026-06-27,2026-06-27 15:50:00,15,19.499308371010706,1,24.217223130017523,1
2026-06-27,2026-06-27 15:55:00,15,19.479136579695627,1,24.19089958801866,1
2026-06-27,2026-06-27 16:00:00,16,19.454285535055682,1,24.1457784062624,1
2026-06-27,2026-06-27 16:05:00,16,19.41790417491226,1,24.10276384264231,1
2026-06-27,2026-06-27 16:10:00,16,19.39527180141537,1,24.070059899091724,1
2026-06-27,2026-06-27 16:15:00,16,19.37447890734999,1,24.02649672314525,1
2026-06-27,2026-06-27 16:20:00,16,19.35503678119509,1,24.000593628585342,1
2026-06-27,2026-06-27 16:25:00,16,19.331146105218217,1,23.952375884950165,1
2026-06-27,2026-06-27 16:30:00,16,19.308558090615556,1,23.92345933414996,1
2026-06-27,2026-06-27 16:35:00,16,19.285970076012894,1,23.874790927246217,1
2026-06-27,2026-06-27 16:40:00,16,19.260528638053223,1,23.8379463198036,1
2026-06-27,2026-06-27 16:45:00,16,19.23825377507834,1,23.786645149663094,1
2026-06-27,2026-06-27 16:50:00,16,19.224147430646703,1,23.750338619425897,1
2026-06-27,2026-06-27 16:55:00,16,19.20985137394397,1,23.70627217538655,1
2026-06-27,2026-06-27 17:00:00,17,19.176508427623197,1,23.648975835964087,1
2026-06-27,2026-06-27 17:05:00,17,19.144388833108827,1,23.59202334456146,1
2026-06-27,2026-06-27 17:10:00,17,19.119742115053818,1,23.545350489988927,1
2026-06-27,2026-06-27 17:15:00,17,19.090300220090434,1,23.497392074987296,1
2026-06-27,2026-06-27 17:20:00,17,19.079127904984638,1,23.45687363095582,1
2026-06-27,2026-06-27 17:25:00,17,19.067765153038785,1,23.42648750714958,1
2026-06-27,2026-06-27 17:30:00,17,19.05567525981693,1,23.39439148254693,1
2026-06-27,2026-06-27 17:35:00,17,19.05642743003788,1,23.39155356012285,1
2026-06-27,2026-06-27 17:40:00,17,19.061446987234525,1,23.396035943496976,1
2026-06-27,2026-06-27 17:45:00,17,19.06914910967695,1,23.392091353740547,1
2026-06-27,2026-06-27 17:50:00,17,19.077068558104806,1,23.387192272897813,1
2026-06-27,2026-06-27 17:55:00,17,19.08465497675585,1,23.381960158552978,1
2026-06-27,2026-06-27 18:00:00,18,19.0858617356536,1,23.374881299063567,1
2026-06-27,2026-06-27 18:05:00,18,19.086554744190074,1,23.367288687583063,1
2026-06-27,2026-06-27 18:10:00,18,19.082058265714444,1,23.35969607610256,1
2026-06-27,2026-06-27 18:15:00,18,19.077480169853665,1,23.35280878454447,1
2026-06-27,2026-06-27 18:20:00,18,19.06944871498505,1,23.34246813025326,1
2026-06-27,2026-06-27 18:25:00,18,19.061398681162395,1,23.33210889514536,1
2026-06-27,2026-06-27 18:30:00,18,19.05149918785552,1,23.319881973639134,1
2026-06-27,2026-06-27 18:35:00,18,19.04583597686375,1,23.30765505213291,1
2026-06-27,2026-06-27 18:40:00,18,19.042586587744303,1,23.29784196786583,1
2026-06-27,2026-06-27 18:45:00,18,19.037919441147245,1,23.286324339769784,1
2026-06-27,2026-06-27 18:50:00,18,19.032633478196807,1,23.2725970967114,1
2026-06-27,2026-06-27 18:55:00,18,19.029308829365768,1,23.2658099353686,1
2026-06-27,2026-06-27 19:00:00,19,19.022373722775377,1,23.25333207085729,1
2026-06-27,2026-06-27 19:05:00,19,19.016053791532762,1,23.241469383090738,1
2026-06-27,2026-06-27 19:10:00,19,19.0095536055998,1,23.229426439702515,1
2026-06-27,2026-06-27 19:15:00,19,19.002880463751502,1,23.21721054039896,1
2026-06-27,2026-06-27 19:20:00,19,18.99549134625355,1,23.197952985614542,1
2026-06-27,2026-06-27 19:25:00,19,18.997319061334714,1,23.180259493961934,1
2026-06-27,2026-06-27 19:30:00,19,18.996633790342607,1,23.160387288630012,1
2026-06-27,2026-06-27 19:35:00,19,18.996282791889975,1,23.14051508329809,1
2026-06-27,2026-06-27 19:40:00,19,18.994931215242254,1,23.11964230038226,1
2026-06-27,2026-06-27 19:45:00,19,18.96884631161462,1,23.074402564987544,1
2026-06-27,2026-06-27 19:50:00,19,18.943127760485517,1,23.029957646355037,1
2026-06-27,2026-06-27 19:55:00,19,18.94340742006549,1,23.011510914042596,1
2026-06-27,2026-06-27 20:00:00,20,18.938570234921066,1,22.98775849476457,1
2026-06-28,2026-06-28 08:05:00,8,31.27376940846443,1,31.27376940846443,1
2026-06-28,2026-06-28 08:10:00,8,30.433470398187637,1,30.433470398187637,1
2026-06-28,2026-06-28 08:15:00,8,29.502588599920273,1,29.502588599920273,1
2026-06-28,2026-06-28 08:20:00,8,28.730783313512802,1,28.730783313512802,1
2026-06-28,2026-06-28 08:25:00,8,28.053744703531265,1,28.053744703531265,1
2026-06-28,2026-06-28 08:30:00,8,27.409252375364304,1,27.409252375364304,1
2026-06-28,2026-06-28 08:35:00,8,26.87584415078163,1,26.87584415078163,1
2026-06-28,2026-06-28 08:40:00,8,26.448050767183304,1,26.448050767183304,1
2026-06-28,2026-06-28 08:45:00,8,26.147137492895126,1,26.147137492895126,1
2026-06-28,2026-06-28 08:50:00,8,25.920567110180855,1,25.920567110180855,1
2026-06-28,2026-06-28 08:55:00,8,25.717080280184746,1,25.717080280184746,1
2026-06-28,2026-06-28 09:00:00,9,25.55602626502514,1,25.55602626502514,1
2026-06-28,2026-06-28 09:05:00,9,25.438098184764385,1,25.438098184764385,1
2026-06-28,2026-06-28 09:10:00,9,25.360115818679333,1,25.360115818679333,1
2026-06-28,2026-06-28 09:15:00,9,25.377529503777623,1,25.377529503777623,1
2026-06-28,2026-06-28 09:20:00,9,25.38545094896108,1,25.38545094896108,1
2026-06-28,2026-06-28 09:25:00,9,25.39243054157123,1,25.39243054157123,1
2026-06-28,2026-06-28 09:30:00,9,25.411746840458363,1,25.411746840458363,1
2026-06-28,2026-06-28 09:35:00,9,25.42714075697586,1,25.42714075697586,1
2026-06-28,2026-06-28 09:40:00,9,25.445597460027784,1,25.445597460027784,1
2026-06-28,2026-06-28 09:45:00,9,25.45700666354969,1,25.45700666354969,1
2026-06-28,2026-06-28 09:50:00,9,25.463560754898936,1,25.463560754898936,1
2026-06-28,2026-06-28 09:55:00,9,25.474567331839353,1,25.474567331839353,1
2026-06-28,2026-06-28 10:00:00,10,25.482832655776292,1,25.482832655776292,1
2026-06-28,2026-06-28 10:05:00,10,25.491286288481206,1,25.491286288481206,1
2026-06-28,2026-06-28 10:10:00,10,25.494978859322146,1,25.494978859322146,1
2026-06-28,2026-06-28 10:15:00,10,25.48712933366187,1,25.48712933366187,1
2026-06-28,2026-06-28 10:20:00,10,25.47757639014162,1,25.47757639014162,1
2026-06-28,2026-06-28 10:25:00,10,25.46908379648812,1,25.46908379648812,1
2026-06-28,2026-06-28 10:30:00,10,25.46021455922164,1,25.46021455922164,1
2026-06-28,2026-06-28 10:35:00,10,25.452825679676607,1,25.452825679676607,1
2026-06-28,2026-06-28 10:40:00,10,25.450900202151388,1,25.450900202151388,1
2026-06-28,2026-06-28 10:45:00,10,25.45089795646527,1,25.45089795646527,1
2026-06-28,2026-06-28 10:50:00,10,25.45089571077915,1,25.45089571077915,1
2026-06-28,2026-06-28 10:55:00,10,25.451932241256145,1,25.451932241256145,1
2026-06-28,2026-06-28 11:00:00,11,25.457397895912436,1,25.457397895912436,1
2026-06-28,2026-06-28 11:05:00,11,25.459749085410294,1,25.459749085410294,1
2026-06-28,2026-06-28 11:10:00,11,25.45150107569134,1,25.45150107569134,1
2026-06-28,2026-06-28 11:15:00,11,25.43943301918989,1,25.43943301918989,1
2026-06-28,2026-06-28 11:20:00,11,25.42391078691071,1,25.42391078691071,1
2026-06-28,2026-06-28 11:25:00,11,25.417798646307347,1,25.417798646307347,1
2026-06-28,2026-06-28 11:30:00,11,25.40614948100483,1,25.40614948100483,1
2026-06-28,2026-06-28 11:35:00,11,25.393608535221574,1,25.393608535221574,1
2026-06-28,2026-06-28 11:40:00,11,25.381266559987125,1,25.381266559987125,1
2026-06-28,2026-06-28 11:45:00,11,25.367680411367473,1,25.367680411367473,1
2026-06-28,2026-06-28 11:50:00,11,25.36528724785967,1,25.36528724785967,1
2026-06-28,2026-06-28 11:55:00,11,25.350464199484122,1,25.350464199484122,1
2026-06-28,2026-06-28 12:00:00,12,25.365813825093937,1,25.365813825093937,1
2026-06-28,2026-06-28 12:05:00,12,25.379343255237472,1,25.379343255237472,1
2026-06-28,2026-06-28 12:10:00,12,25.395167303086055,1,25.395167303086055,1
2026-06-28,2026-06-28 12:15:00,12,25.41049631666465,1,25.41049631666465,1
2026-06-28,2026-06-28 12:20:00,12,25.425111400709284,1,25.425111400709284,1
2026-06-28,2026-06-28 12:25:00,12,25.442469632998836,1,25.442469632998836,1
2026-06-28,2026-06-28 12:30:00,12,25.46154193654729,1,25.46154193654729,1
2026-06-28,2026-06-28 12:35:00,12,25.482482573763264,1,25.482482573763264,1
2026-06-28,2026-06-28 12:40:00,12,25.493878090568614,1,25.493878090568614,1
2026-06-28,2026-06-28 12:45:00,12,25.51561901141031,1,25.51561901141031,1
2026-06-28,2026-06-28 12:50:00,12,25.51738685269447,1,25.51738685269447,1
2026-06-28,2026-06-28 12:55:00,12,25.52446478132697,1,25.52446478132697,1
2026-06-28,2026-06-28 13:00:00,13,25.50743336503001,1,25.50743336503001,1
2026-06-28,2026-06-28 13:05:00,13,25.490164345992525,1,25.490164345992525,1
2026-06-28,2026-06-28 13:10:00,13,25.479488402535935,1,25.479488402535935,1
2026-06-28,2026-06-28 13:15:00,13,25.4679935806671,1,25.4679935806671,1
2026-06-28,2026-06-28 13:20:00,13,25.46062805589827,1,25.46062805589827,1
2026-06-28,2026-06-28 13:25:00,13,25.45534592394324,1,25.45534592394324,1
2026-06-28,2026-06-28 13:30:00,13,25.44336330790611,1,25.44336330790611,1
2026-06-28,2026-06-28 13:35:00,13,25.42844997618886,1,25.42844997618886,1
2026-06-28,2026-06-28 13:40:00,13,25.4114515641013,1,25.4114515641013,1
2026-06-28,2026-06-28 13:45:00,13,25.390621370566805,1,25.390621370566805,1
2026-06-28,2026-06-28 13:50:00,13,25.372249643249233,1,25.372249643249233,1
2026-06-28,2026-06-28 13:55:00,13,25.36115554992648,1,25.36115554992648,1
2026-06-28,2026-06-28 14:00:00,14,25.34883102395179,1,25.34883102395179,1
2026-06-28,2026-06-28 14:05:00,14,25.338444164885004,1,25.338444164885004,1
2026-06-28,2026-06-28 14:10:00,14,25.322186310706456,1,25.322186310706456,1
2026-06-28,2026-06-28 14:15:00,14,25.307830578578432,1,25.307830578578432,1
2026-06-28,2026-06-28 14:20:00,14,25.29624542587044,1,25.29624542587044,1
2026-06-28,2026-06-28 14:25:00,14,25.27831310771944,1,25.27831310771944,1
2026-06-28,2026-06-28 14:30:00,14,25.257212694665213,1,25.257212694665213,1
2026-06-28,2026-06-28 14:35:00,14,25.235532235285064,1,25.235532235285064,1
2026-06-28,2026-06-28 14:40:00,14,25.215431567212363,1,25.215431567212363,1
2026-06-28,2026-06-28 14:45:00,14,25.19690130644085,1,25.19690130644085,1
2026-06-28,2026-06-28 14:50:00,14,25.1770147512907,1,25.1770147512907,1
2026-06-28,2026-06-28 14:55:00,14,25.15695523836257,1,25.15695523836257,1
2026-06-28,2026-06-28 15:00:00,15,25.150298685231974,1,25.150298685231974,1
2026-06-28,2026-06-28 15:05:00,15,25.145307251648774,1,25.145307251648774,1
2026-06-28,2026-06-28 15:10:00,15,25.147887875489687,1,25.147887875489687,1
2026-06-28,2026-06-28 15:15:00,15,25.156487533055042,1,25.156487533055042,1
2026-06-28,2026-06-28 15:20:00,15,25.19305341055224,1,25.19305341055224,1
2026-06-28,2026-06-28 15:25:00,15,25.209834014229273,1,25.209834014229273,1
2026-06-28,2026-06-28 15:30:00,15,25.190366075537895,1,25.190366075537895,1
2026-06-28,2026-06-28 15:35:00,15,25.16356988919506,1,25.16356988919506,1
2026-06-28,2026-06-28 15:40:00,15,25.131400405593013,1,25.131400405593013,1
2026-06-28,2026-06-28 15:45:00,15,25.106476818375086,1,25.106476818375086,1
2026-06-28,2026-06-28 15:50:00,15,25.08263460283706,1,25.08263460283706,1
2026-06-28,2026-06-28 15:55:00,15,25.06265574058125,1,25.06265574058125,1
2026-06-28,2026-06-28 16:00:00,16,25.03505461027453,1,25.03505461027453,1
2026-06-28,2026-06-28 16:05:00,16,24.99740529169867,1,24.99740529169867,1
2026-06-28,2026-06-28 16:10:00,16,24.951029499225115,1,24.951029499225115,1
2026-06-28,2026-06-28 16:15:00,16,24.921339825890755,1,24.921339825890755,1
2026-06-28,2026-06-28 16:20:00,16,24.86937378083894,1,24.86937378083894,1
2026-06-28,2026-06-28 16:25:00,16,24.833764747880196,1,24.833764747880196,1
2026-06-28,2026-06-28 16:30:00,16,24.78284923841784,1,24.78284923841784,1
2026-06-28,2026-06-28 16:35:00,16,24.743585975073074,1,24.743585975073074,1
2026-06-28,2026-06-28 16:40:00,16,24.678366721771454,1,24.678366721771454,1
2026-06-28,2026-06-28 16:45:00,16,24.608716034494137,1,24.608716034494137,1
2026-06-28,2026-06-28 16:50:00,16,24.539078430436348,1,24.539078430436348,1
2026-06-28,2026-06-28 16:55:00,16,24.475027405820583,1,24.475027405820583,1
2026-06-28,2026-06-28 17:00:00,17,24.402928152285313,1,24.402928152285313,1
2026-06-28,2026-06-28 17:05:00,17,24.331592590711807,1,24.331592590711807,1
2026-06-28,2026-06-28 17:10:00,17,24.26854729761908,1,24.26854729761908,1
2026-06-28,2026-06-28 17:15:00,17,24.193998956285213,1,24.193998956285213,1
2026-06-28,2026-06-28 17:20:00,17,24.125643008552288,1,24.125643008552288,1
2026-06-28,2026-06-28 17:25:00,17,24.055574299,1,24.055574299,1
2026-06-28,2026-06-28 17:30:00,17,24.00026619916389,1,24.00026619916389,1
2026-06-28,2026-06-28 17:35:00,17,23.978580550454353,1,23.978580550454353,1
2026-06-28,2026-06-28 17:40:00,17,23.944866684429144,1,23.944866684429144,1
2026-06-28,2026-06-28 17:45:00,17,23.923225223250483,1,23.923225223250483,1
2026-06-28,2026-06-28 17:50:00,17,23.908660306758975,1,23.908660306758975,1
2026-06-28,2026-06-28 17:55:00,17,23.88880074692497,1,23.88880074692497,1
2026-06-28,2026-06-28 18:00:00,18,23.863199330098723,1,23.863199330098723,1
2026-06-28,2026-06-28 18:05:00,18,23.831827867008542,1,23.831827867008542,1
2026-06-28,2026-06-28 18:10:00,18,23.806742212898826,1,23.806742212898826,1
2026-06-28,2026-06-28 18:15:00,18,23.771608635015582,1,23.771608635015582,1
2026-06-28,2026-06-28 18:20:00,18,23.737780842162465,1,23.737780842162465,1
2026-06-28,2026-06-28 18:25:00,18,23.70316933391223,1,23.70316933391223,1
2026-06-28,2026-06-28 18:30:00,18,23.669606573112105,1,23.669606573112105,1
2026-06-28,2026-06-28 18:35:00,18,23.635522223241423,1,23.635522223241423,1
2026-06-28,2026-06-28 18:40:00,18,23.60075325442085,1,23.60075325442085,1
2026-06-28,2026-06-28 18:45:00,18,23.561898640520667,1,23.561898640520667,1
2026-06-28,2026-06-28 18:50:00,18,23.520592077798938,1,23.520592077798938,1
2026-06-28,2026-06-28 18:55:00,18,23.49307316278646,1,23.49307316278646,1
2026-06-28,2026-06-28 19:00:00,19,23.44754258652756,1,23.44754258652756,1
2026-06-28,2026-06-28 19:05:00,19,23.409102992318367,1,23.409102992318367,1
2026-06-28,2026-06-28 19:10:00,19,23.368204512797092,1,23.368204512797092,1
2026-06-28,2026-06-28 19:15:00,19,23.332703766576742,1,23.332703766576742,1
2026-06-28,2026-06-28 19:20:00,19,23.294240300707315,1,23.294240300707315,1
2026-06-28,2026-06-28 19:25:00,19,23.245819919906353,1,23.245819919906353,1
2026-06-28,2026-06-28 19:30:00,19,23.199261632911657,1,23.199261632911657,1
2026-06-28,2026-06-28 19:35:00,19,23.14247951021025,1,23.14247951021025,1
2026-06-28,2026-06-28 19:40:00,19,23.091126294038986,1,23.091126294038986,1
2026-06-28,2026-06-28 19:45:00,19,23.039665279142355,1,23.039665279142355,1
2026-06-28,2026-06-28 19:50:00,19,22.983252723865007,1,22.983252723865007,1
2026-06-28,2026-06-28 19:55:00,19,22.93366288503239,1,22.93366288503239,1
2026-06-28,2026-06-28 20:00:00,20,22.901555714361166,1,22.901555714361166,1
